id,sampleday,size.cat,Table,Tank,species,DOFSample,length,width,depth,cont.weight,cont+dryweight,dry.weight,shell.dry.weight,CI,time.in.oven,time.out.oven,dat.filter,dat.count,observer,red.fib,yell.fib,green.fib,turq.fib,blu.fib,purp.fib,gray.fib,clear.fib,pink.fib,brown.fib,orang.fib,black.fib,red.frag,yell.frag,green.frag,turq.frag,blu.frag,purp.frag,gray.frag,clear.frag,pink.frag,brown.frag,orang.frag,black.frag,whit.spher,clear.spher
MIS1,0,twentyto50,n/a,n/a,C. gigas,2011-03-16,93,43,21,259.28,260.96,1.68,17.65,0.095,2016-11-05/ 17:03,2016-11-10/18:00,11-17-2016,11-29-2016,MD,0,0,0,0,0,0,0,0,0,0,0,0,0,0,0,0,0,0,0,0,0,0,0,0,0,0
MIS1,0,fiftyto100,n/a,n/a,C. gigas,2011-03-16,93,43,21,259.28,260.96,1.68,17.65,0.095,2016-11-05/ 17:03,2016-11-10/18:00,11-17-2016,11-29-2016,MD,0,0,0,0,0,0,0,0,0,0,0,0,0,0,0,0,0,0,0,0,0,0,0,0,0,0
MIS1,0,onehundredto500,n/a,n/a,C. gigas,2011-03-16,93,43,21,259.28,260.96,1.68,17.65,0.095,2016-11-05/ 17:03,2016-11-10/18:00,11-17-2016,11-29-2016,MD,0,0,0,0,0,0,0,0,0,0,0,1,0,0,0,0,0,0,0,0,0,0,0,0,0,0
MIS1,0,fivehundredto1000,n/a,n/a,C. gigas,2011-03-16,93,43,21,259.28,260.96,1.68,17.65,0.095,2016-11-05/ 17:03,2016-11-10/18:00,11-17-2016,11-29-2016,MD,0,0,0,0,0,0,0,0,0,0,0,0,0,0,0,0,0,0,0,0,0,0,0,0,0,0
MIS1,0,onethousandto5000,n/a,n/a,C. gigas,2011-03-16,93,43,21,259.28,260.96,1.68,17.65,0.095,2016-11-05/ 17:03,2016-11-10/18:00,11-17-2016,11-29-2016,MD,0,0,0,0,0,0,0,0,0,0,0,0,0,0,0,0,0,0,0,0,0,0,0,0,0,0
MIS2,0,twentyto50,n/a,n/a,C. gigas,2011-03-16,66,40,21,262.04,263.63,1.59,12.62,0.126,2016-11-05/ 17:03,2016-11-10/18:00,11-17-2016,11-28-2016,GC,0,0,0,0,0,0,0,0,0,0,0,0,0,0,0,0,0,0,0,0,0,0,0,0,0,0
MIS2,0,fiftyto100,n/a,n/a,C. gigas,2011-03-16,66,40,21,262.04,263.63,1.59,12.62,0.126,2016-11-05/ 17:03,2016-11-10/18:00,11-17-2016,11-28-2016,GC,0,0,0,0,0,0,0,0,0,0,0,0,0,0,0,0,0,0,0,0,0,0,0,0,0,0
MIS2,0,onehundredto500,n/a,n/a,C. gigas,2011-03-16,66,40,21,262.04,263.63,1.59,12.62,0.126,2016-11-05/ 17:03,2016-11-10/18:00,11-17-2016,11-28-2016,GC,0,0,0,0,0,0,0,0,0,0,0,0,0,0,0,0,0,0,0,0,0,0,0,0,0,0
MIS2,0,fivehundredto1000,n/a,n/a,C. gigas,2011-03-16,66,40,21,262.04,263.63,1.59,12.62,0.126,2016-11-05/ 17:03,2016-11-10/18:00,11-17-2016,11-28-2016,GC,0,0,0,0,0,0,0,0,0,0,0,0,0,0,0,0,0,0,0,0,0,0,0,0,0,0
MIS2,0,onethousandto5000,n/a,n/a,C. gigas,2011-03-16,66,40,21,262.04,263.63,1.59,12.62,0.126,2016-11-05/ 17:03,2016-11-10/18:00,11-17-2016,11-28-2016,GC,0,0,0,0,0,0,0,0,0,0,0,0,0,0,0,0,0,0,0,0,0,0,0,0,0,0
MIS3,0,twentyto50,n/a,n/a,C. gigas,2011-03-16,66,50,31,264.45,267.02,2.57,23.32,0.11,2016-11-05/ 17:03,2016-11-10/18:00,11-17-2016,11-24-2016,GC,0,0,0,0,0,0,0,0,0,0,0,0,0,0,0,0,0,0,0,0,0,0,0,0,0,0
MIS3,0,fiftyto100,n/a,n/a,C. gigas,2011-03-16,66,50,31,264.45,267.02,2.57,23.32,0.11,2016-11-05/ 17:03,2016-11-10/18:00,11-17-2016,11-24-2016,GC,0,0,0,0,0,0,0,0,0,0,0,0,0,0,0,0,0,0,0,0,0,0,0,0,0,0
MIS3,0,onehundredto500,n/a,n/a,C. gigas,2011-03-16,66,50,31,264.45,267.02,2.57,23.32,0.11,2016-11-05/ 17:03,2016-11-10/18:00,11-17-2016,11-24-2016,GC,0,0,0,0,0,0,0,0,0,0,0,0,0,0,0,0,0,0,0,0,0,0,0,0,0,0
MIS3,0,fivehundredto1000,n/a,n/a,C. gigas,2011-03-16,66,50,31,264.45,267.02,2.57,23.32,0.11,2016-11-05/ 17:03,2016-11-10/18:00,11-17-2016,11-24-2016,GC,0,0,0,0,0,0,0,1,0,0,0,0,0,0,0,0,0,0,0,0,0,0,0,0,0,0
MIS3,0,onethousandto5000,n/a,n/a,C. gigas,2011-03-16,66,50,31,264.45,267.02,2.57,23.32,0.11,2016-11-05/ 17:03,2016-11-10/18:00,11-17-2016,11-24-2016,GC,0,0,0,0,0,0,0,0,0,0,0,0,0,0,0,0,0,0,0,0,0,0,0,0,0,0
MIS4,0,twentyto50,n/a,n/a,C. gigas,2011-03-16,79,68,30,260.43,264.62,4.19,27.02,0.155,2016-11-05/ 17:03,2016-11-10/18:00,11-17-2016,11-24-2016,GC,0,0,0,0,0,0,0,0,0,0,0,0,0,0,0,0,0,0,0,0,0,0,0,0,0,0
MIS4,0,fiftyto100,n/a,n/a,C. gigas,2011-03-16,79,68,30,260.43,264.62,4.19,27.02,0.155,2016-11-05/ 17:03,2016-11-10/18:00,11-17-2016,11-24-2016,GC,0,0,0,0,0,0,0,0,0,0,0,0,0,0,0,0,0,0,0,0,0,0,0,0,0,0
MIS4,0,onehundredto500,n/a,n/a,C. gigas,2011-03-16,79,68,30,260.43,264.62,4.19,27.02,0.155,2016-11-05/ 17:03,2016-11-10/18:00,11-17-2016,11-24-2016,GC,0,0,0,0,0,0,0,0,0,0,0,0,0,0,0,0,0,0,0,0,0,0,0,0,1,0
MIS4,0,fivehundredto1000,n/a,n/a,C. gigas,2011-03-16,79,68,30,260.43,264.62,4.19,27.02,0.155,2016-11-05/ 17:03,2016-11-10/18:00,11-17-2016,11-24-2016,GC,0,0,0,0,0,0,0,0,0,0,0,0,0,0,0,0,0,0,0,0,0,0,0,0,0,0
MIS4,0,onethousandto5000,n/a,n/a,C. gigas,2011-03-16,79,68,30,260.43,264.62,4.19,27.02,0.155,2016-11-05/ 17:03,2016-11-10/18:00,11-17-2016,11-24-2016,GC,0,0,0,0,0,0,0,0,0,0,0,0,0,0,0,0,0,0,0,0,0,0,0,0,0,0
MIS5,0,twentyto50,n/a,n/a,C. gigas,2011-03-16,78,44,33,262.3,265.66,3.36,19.96,0.168,2016-11-05/ 17:03,2016-11-10/18:00,11-17-2016,11-28-2016,GC,0,0,0,0,0,0,0,0,0,0,0,0,0,0,0,0,0,0,0,0,0,0,0,0,0,0
MIS5,0,fiftyto100,n/a,n/a,C. gigas,2011-03-16,78,44,33,262.3,265.66,3.36,19.96,0.168,2016-11-05/ 17:03,2016-11-10/18:00,11-17-2016,11-28-2016,GC,0,0,0,0,0,0,0,0,0,0,0,0,0,0,0,0,0,0,0,0,0,0,0,0,0,0
MIS5,0,onehundredto500,n/a,n/a,C. gigas,2011-03-16,78,44,33,262.3,265.66,3.36,19.96,0.168,2016-11-05/ 17:03,2016-11-10/18:00,11-17-2016,11-28-2016,GC,0,0,0,0,0,0,0,2,0,0,0,0,0,0,0,0,0,0,0,0,0,0,0,0,0,0
MIS5,0,fivehundredto1000,n/a,n/a,C. gigas,2011-03-16,78,44,33,262.3,265.66,3.36,19.96,0.168,2016-11-05/ 17:03,2016-11-10/18:00,11-17-2016,11-28-2016,GC,0,0,0,0,0,0,0,1,0,0,0,0,0,0,0,0,0,0,0,0,0,0,0,0,0,0
MIS5,0,onethousandto5000,n/a,n/a,C. gigas,2011-03-16,78,44,33,262.3,265.66,3.36,19.96,0.168,2016-11-05/ 17:03,2016-11-10/18:00,11-17-2016,11-28-2016,GC,0,1,0,0,0,0,0,2,0,0,0,0,0,0,0,0,0,0,0,0,0,0,0,0,0,0
MIS6,0,twentyto50,n/a,n/a,C. gigas,2011-03-16,81,47,28,256.47,258.74,2.27,22.66,0.1,2016-11-05/ 17:03,2016-11-10/18:00,11-17-2016,11-25-2016,GC,0,0,0,0,0,0,0,0,0,0,0,0,0,0,0,0,0,0,0,0,0,0,0,0,0,0
MIS6,0,fiftyto100,n/a,n/a,C. gigas,2011-03-16,81,47,28,256.47,258.74,2.27,22.66,0.1,2016-11-05/ 17:03,2016-11-10/18:00,11-17-2016,11-25-2016,GC,0,0,0,0,0,0,0,0,0,0,0,0,0,0,0,0,0,0,0,0,0,0,0,0,0,0
MIS6,0,onehundredto500,n/a,n/a,C. gigas,2011-03-16,81,47,28,256.47,258.74,2.27,22.66,0.1,2016-11-05/ 17:03,2016-11-10/18:00,11-17-2016,11-25-2016,GC,0,0,0,0,0,0,0,1,0,0,0,0,0,0,0,0,0,0,0,0,0,0,0,0,0,0
MIS6,0,fivehundredto1000,n/a,n/a,C. gigas,2011-03-16,81,47,28,256.47,258.74,2.27,22.66,0.1,2016-11-05/ 17:03,2016-11-10/18:00,11-17-2016,11-25-2016,GC,0,0,0,0,0,0,0,0,0,0,0,0,0,0,0,0,0,0,0,0,0,0,0,0,0,0
MIS6,0,onethousandto5000,n/a,n/a,C. gigas,2011-03-16,81,47,28,256.47,258.74,2.27,22.66,0.1,2016-11-05/ 17:03,2016-11-10/18:00,11-17-2016,11-25-2016,GC,0,0,0,0,0,0,0,1,1,0,0,0,0,0,0,0,0,0,0,0,0,0,0,0,0,0
MIS7,0,twentyto50,n/a,n/a,C. gigas,2011-03-16,82,50,26,263.73,265.4,1.67,17.4,0.096,2016-11-05/ 17:03,2016-11-10/18:00,11-17-2016,2012-01-16,GC,0,0,0,0,0,0,0,0,0,0,0,0,0,0,0,0,0,0,0,0,0,0,0,0,0,0
MIS7,0,fiftyto100,n/a,n/a,C. gigas,2011-03-16,82,50,26,263.73,265.4,1.67,17.4,0.096,2016-11-05/ 17:03,2016-11-10/18:00,11-17-2016,2012-01-16,GC,0,0,0,0,0,0,0,0,0,0,0,0,0,0,0,0,0,0,0,0,0,0,0,0,0,0
MIS7,0,onehundredto500,n/a,n/a,C. gigas,2011-03-16,82,50,26,263.73,265.4,1.67,17.4,0.096,2016-11-05/ 17:03,2016-11-10/18:00,11-17-2016,2012-01-16,GC,0,0,0,0,2,0,0,0,1,0,0,0,0,0,0,0,0,0,0,0,0,0,0,0,1,0
MIS7,0,fivehundredto1000,n/a,n/a,C. gigas,2011-03-16,82,50,26,263.73,265.4,1.67,17.4,0.096,2016-11-05/ 17:03,2016-11-10/18:00,11-17-2016,2012-01-16,GC,0,0,0,0,0,0,0,1,0,0,0,0,0,0,0,0,0,0,0,0,0,0,0,0,0,0
MIS7,0,onethousandto5000,n/a,n/a,C. gigas,2011-03-16,82,50,26,263.73,265.4,1.67,17.4,0.096,2016-11-05/ 17:03,2016-11-10/18:00,11-17-2016,2012-01-16,GC,0,0,0,0,0,0,0,0,0,0,0,0,0,0,0,0,0,0,0,0,0,0,0,0,0,0
MIS8,0,twentyto50,n/a,n/a,C. gigas,2011-03-16,79,45,27,259.63,261.81,2.18,18.01,0.121,2016-11-05/ 17:03,2016-11-10/18:00,11-17-2016,11-29-2016,MD,0,0,0,0,0,0,0,0,0,0,0,0,0,0,0,0,0,0,0,0,0,0,0,0,0,0
MIS8,0,fiftyto100,n/a,n/a,C. gigas,2011-03-16,79,45,27,259.63,261.81,2.18,18.01,0.121,2016-11-05/ 17:03,2016-11-10/18:00,11-17-2016,11-29-2016,MD,0,0,0,0,0,0,0,0,0,0,0,0,0,0,0,0,0,0,0,0,0,0,0,0,0,0
MIS8,0,onehundredto500,n/a,n/a,C. gigas,2011-03-16,79,45,27,259.63,261.81,2.18,18.01,0.121,2016-11-05/ 17:03,2016-11-10/18:00,11-17-2016,11-29-2016,MD,0,0,0,0,0,0,0,0,0,0,0,0,0,0,0,0,0,0,0,0,0,0,0,0,0,0
MIS8,0,fivehundredto1000,n/a,n/a,C. gigas,2011-03-16,79,45,27,259.63,261.81,2.18,18.01,0.121,2016-11-05/ 17:03,2016-11-10/18:00,11-17-2016,11-29-2016,MD,0,0,0,0,0,0,0,1,0,0,0,0,0,0,0,0,0,0,0,0,0,0,0,0,0,0
MIS8,0,onethousandto5000,n/a,n/a,C. gigas,2011-03-16,79,45,27,259.63,261.81,2.18,18.01,0.121,2016-11-05/ 17:03,2016-11-10/18:00,11-17-2016,11-29-2016,MD,0,0,0,0,0,0,0,0,0,0,0,0,0,0,0,0,0,0,0,0,0,0,0,0,0,0
MIS9,0,twentyto50,n/a,n/a,C. gigas,2011-03-16,73,44,22,259.67,261.22,1.55,16.81,0.092,2016-11-05/ 17:03,2016-11-10/18:00,11-17-2016,2012-01-16,MD,0,0,0,0,0,0,0,0,0,0,0,0,0,0,0,0,0,0,0,0,0,0,0,0,0,0
MIS9,0,fiftyto100,n/a,n/a,C. gigas,2011-03-16,73,44,22,259.67,261.22,1.55,16.81,0.092,2016-11-05/ 17:03,2016-11-10/18:00,11-17-2016,2012-01-16,MD,0,0,0,0,0,0,0,0,0,0,0,0,0,0,0,0,0,0,0,0,0,0,0,0,0,0
MIS9,0,onehundredto500,n/a,n/a,C. gigas,2011-03-16,73,44,22,259.67,261.22,1.55,16.81,0.092,2016-11-05/ 17:03,2016-11-10/18:00,11-17-2016,2012-01-16,MD,0,0,0,0,1,0,0,0,0,0,0,0,0,0,0,0,0,0,0,0,0,0,0,0,0,0
MIS9,0,fivehundredto1000,n/a,n/a,C. gigas,2011-03-16,73,44,22,259.67,261.22,1.55,16.81,0.092,2016-11-05/ 17:03,2016-11-10/18:00,11-17-2016,2012-01-16,MD,0,0,0,0,0,0,0,0,0,0,0,1,0,0,0,0,0,0,0,0,0,0,0,0,0,0
MIS9,0,onethousandto5000,n/a,n/a,C. gigas,2011-03-16,73,44,22,259.67,261.22,1.55,16.81,0.092,2016-11-05/ 17:03,2016-11-10/18:00,11-17-2016,2012-01-16,MD,0,0,0,0,1,0,0,0,0,0,0,0,0,0,0,0,0,0,0,0,0,0,0,0,0,0
MIS10,0,twentyto50,n/a,n/a,C. gigas,2011-03-16,78,50,23,262.9,264.71,1.81,19.58,0.092,2016-11-05/ 17:03,2016-11-10/18:00,11-17-2016,11-29-2016,MD,0,0,0,0,0,0,0,0,0,0,0,0,0,0,0,0,0,0,0,0,0,0,0,0,0,0
MIS10,0,fiftyto100,n/a,n/a,C. gigas,2011-03-16,78,50,23,262.9,264.71,1.81,19.58,0.092,2016-11-05/ 17:03,2016-11-10/18:00,11-17-2016,11-29-2016,MD,0,0,0,0,0,0,0,0,0,0,0,0,0,0,0,0,0,0,0,0,0,0,0,0,0,0
MIS10,0,onehundredto500,n/a,n/a,C. gigas,2011-03-16,78,50,23,262.9,264.71,1.81,19.58,0.092,2016-11-05/ 17:03,2016-11-10/18:00,11-17-2016,11-29-2016,MD,0,0,0,0,0,0,0,0,0,0,0,0,0,0,0,0,0,0,0,0,0,0,0,0,0,0
MIS10,0,fivehundredto1000,n/a,n/a,C. gigas,2011-03-16,78,50,23,262.9,264.71,1.81,19.58,0.092,2016-11-05/ 17:03,2016-11-10/18:00,11-17-2016,11-29-2016,MD,0,0,0,0,0,0,0,0,0,0,0,0,0,0,0,0,0,0,0,0,0,0,0,0,0,0
MIS10,0,onethousandto5000,n/a,n/a,C. gigas,2011-03-16,78,50,23,262.9,264.71,1.81,19.58,0.092,2016-11-05/ 17:03,2016-11-10/18:00,11-17-2016,11-29-2016,MD,0,0,0,0,0,0,0,0,0,0,0,0,0,0,0,0,0,0,0,0,0,0,0,0,0,0
MS1A1,1,twentyto50,A,1,C. gigas,2011-04-16,85,47,40,258.7,260.05,1.35,20.39,0.066,2016-11-05/ 17:03,2016-11-10/18:00,11-17-2016,2012-03-16,MD,0,0,0,0,0,0,0,0,0,0,0,0,0,0,0,0,0,0,0,0,0,0,0,0,0,0
MS1A1,1,fiftyto100,A,1,C. gigas,2011-04-16,85,47,40,258.7,260.05,1.35,20.39,0.066,2016-11-05/ 17:03,2016-11-10/18:00,11-17-2016,2012-03-16,MD,0,0,0,0,0,0,0,0,0,0,0,0,0,0,0,0,0,0,0,0,0,0,0,0,0,0
MS1A1,1,onehundredto500,A,1,C. gigas,2011-04-16,85,47,40,258.7,260.05,1.35,20.39,0.066,2016-11-05/ 17:03,2016-11-10/18:00,11-17-2016,2012-03-16,MD,0,0,0,0,0,0,0,0,0,0,0,0,0,0,0,0,0,0,0,0,0,0,0,0,0,0
MS1A1,1,fivehundredto1000,A,1,C. gigas,2011-04-16,85,47,40,258.7,260.05,1.35,20.39,0.066,2016-11-05/ 17:03,2016-11-10/18:00,11-17-2016,2012-03-16,MD,0,0,0,0,0,0,0,0,0,0,0,0,0,0,0,0,0,0,0,0,0,0,0,0,0,0
MS1A1,1,onethousandto5000,A,1,C. gigas,2011-04-16,85,47,40,258.7,260.05,1.35,20.39,0.066,2016-11-05/ 17:03,2016-11-10/18:00,11-17-2016,2012-03-16,MD,0,0,0,0,0,0,0,0,0,0,0,0,0,0,0,0,0,0,0,0,0,0,0,0,0,0
MS1A2,1,twentyto50,A,2,C. gigas,2011-04-16,75,55,30,256.8,260.85,4.05,23.25,0.174,2016-11-05/ 17:03,2016-11-10/18:00,11-17-2016,2012-03-16,MD,0,0,0,0,0,0,0,0,0,0,0,0,0,0,0,0,0,0,0,0,0,0,0,0,0,0
MS1A2,1,fiftyto100,A,2,C. gigas,2011-04-16,75,55,30,256.8,260.85,4.05,23.25,0.174,2016-11-05/ 17:03,2016-11-10/18:00,11-17-2016,2012-03-16,MD,0,0,0,0,0,0,0,0,0,0,0,0,0,0,0,0,0,0,0,0,0,0,0,0,0,0
MS1A2,1,onehundredto500,A,2,C. gigas,2011-04-16,75,55,30,256.8,260.85,4.05,23.25,0.174,2016-11-05/ 17:03,2016-11-10/18:00,11-17-2016,2012-03-16,MD,0,0,0,0,1,0,0,0,0,0,0,0,0,0,0,0,0,0,0,0,0,0,0,0,0,0
MS1A2,1,fivehundredto1000,A,2,C. gigas,2011-04-16,75,55,30,256.8,260.85,4.05,23.25,0.174,2016-11-05/ 17:03,2016-11-10/18:00,11-17-2016,2012-03-16,MD,0,0,0,0,0,0,0,1,0,0,0,0,0,0,0,0,0,0,0,0,0,0,0,0,0,0
MS1A2,1,onethousandto5000,A,2,C. gigas,2011-04-16,75,55,30,256.8,260.85,4.05,23.25,0.174,2016-11-05/ 17:03,2016-11-10/18:00,11-17-2016,2012-03-16,MD,0,0,0,0,0,0,0,2,0,0,0,0,0,0,0,0,0,0,0,0,0,0,0,0,0,0
MS1A3,1,twentyto50,A,3,C. gigas,2011-04-16,84,52,36,258.08,262.49,4.41,29.83,0.148,2016-11-05/ 17:03,2016-11-10/18:00,11-17-2016,2012-01-16,GC,0,0,0,0,0,0,0,0,0,0,0,0,0,0,0,0,0,0,0,0,0,0,0,0,0,0
MS1A3,1,fiftyto100,A,3,C. gigas,2011-04-16,84,52,36,258.08,262.49,4.41,29.83,0.148,2016-11-05/ 17:03,2016-11-10/18:00,11-17-2016,2012-01-16,GC,0,0,0,0,0,0,0,0,0,0,0,0,0,0,0,0,0,0,0,0,0,0,0,0,0,0
MS1A3,1,onehundredto500,A,3,C. gigas,2011-04-16,84,52,36,258.08,262.49,4.41,29.83,0.148,2016-11-05/ 17:03,2016-11-10/18:00,11-17-2016,2012-01-16,GC,0,0,0,0,0,0,0,0,0,0,0,0,0,0,0,0,0,0,0,0,0,0,0,0,1,0
MS1A3,1,fivehundredto1000,A,3,C. gigas,2011-04-16,84,52,36,258.08,262.49,4.41,29.83,0.148,2016-11-05/ 17:03,2016-11-10/18:00,11-17-2016,2012-01-16,GC,0,0,0,0,0,0,0,0,0,0,0,0,0,0,0,0,0,0,0,0,0,0,0,0,0,0
MS1A3,1,onethousandto5000,A,3,C. gigas,2011-04-16,84,52,36,258.08,262.49,4.41,29.83,0.148,2016-11-05/ 17:03,2016-11-10/18:00,11-17-2016,2012-01-16,GC,0,0,0,0,0,0,0,0,0,0,0,0,0,0,0,0,0,0,0,0,0,0,0,0,0,0
MS1B1,1,twentyto50,B,1,C. gigas,2011-04-16,82,43,37,263.59,266.77,3.18,22.62,0.141,2016-11-05/ 17:03,2016-11-10/18:00,11-17-2016,2012-03-16,MD,0,0,0,0,0,0,0,0,0,0,0,0,0,0,0,0,0,0,0,0,0,0,0,0,0,0
MS1B1,1,fiftyto100,B,1,C. gigas,2011-04-16,82,43,37,263.59,266.77,3.18,22.62,0.141,2016-11-05/ 17:03,2016-11-10/18:00,11-17-2016,2012-03-16,MD,0,0,0,0,0,0,0,0,0,0,0,0,0,0,0,0,0,0,0,0,0,0,0,0,0,0
MS1B1,1,onehundredto500,B,1,C. gigas,2011-04-16,82,43,37,263.59,266.77,3.18,22.62,0.141,2016-11-05/ 17:03,2016-11-10/18:00,11-17-2016,2012-03-16,MD,0,0,0,0,0,0,0,0,0,0,0,0,0,0,0,0,0,0,0,0,0,0,0,0,0,0
MS1B1,1,fivehundredto1000,B,1,C. gigas,2011-04-16,82,43,37,263.59,266.77,3.18,22.62,0.141,2016-11-05/ 17:03,2016-11-10/18:00,11-17-2016,2012-03-16,MD,0,0,0,0,0,0,0,0,0,0,0,1,0,0,0,0,0,0,0,0,0,0,0,0,0,0
MS1B1,1,onethousandto5000,B,1,C. gigas,2011-04-16,82,43,37,263.59,266.77,3.18,22.62,0.141,2016-11-05/ 17:03,2016-11-10/18:00,11-17-2016,2012-03-16,MD,0,0,0,0,0,0,0,0,0,0,0,1,0,0,0,0,0,0,0,0,0,0,0,0,0,0
MS1C1,1,twentyto50,C,1,C. gigas,2011-04-16,77,68,37,259.11,264.05,4.94,27.69,0.178,2016-11-05/ 17:03,2016-11-10/18:00,11-17-2016,2012-06-16,GC,0,0,0,0,0,0,0,0,0,0,0,0,1,0,0,0,0,0,0,0,0,0,0,0,0,0
MS1C1,1,fiftyto100,C,1,C. gigas,2011-04-16,77,68,37,259.11,264.05,4.94,27.69,0.178,2016-11-05/ 17:03,2016-11-10/18:00,11-17-2016,2012-06-16,GC,0,0,0,0,1,0,0,0,0,0,0,0,0,0,0,0,0,0,0,0,0,0,0,0,0,0
MS1C1,1,onehundredto500,C,1,C. gigas,2011-04-16,77,68,37,259.11,264.05,4.94,27.69,0.178,2016-11-05/ 17:03,2016-11-10/18:00,11-17-2016,2012-06-16,GC,2,0,0,0,0,0,0,0,0,0,1,2,0,0,0,0,0,0,0,0,0,0,0,0,0,0
MS1C1,1,fivehundredto1000,C,1,C. gigas,2011-04-16,77,68,37,259.11,264.05,4.94,27.69,0.178,2016-11-05/ 17:03,2016-11-10/18:00,11-17-2016,2012-06-16,GC,0,0,0,0,0,0,0,2,0,0,0,0,0,0,0,0,0,0,0,0,0,0,0,0,0,0
MS1C1,1,onethousandto5000,C,1,C. gigas,2011-04-16,77,68,37,259.11,264.05,4.94,27.69,0.178,2016-11-05/ 17:03,2016-11-10/18:00,11-17-2016,2012-06-16,GC,0,0,0,0,0,0,0,4,0,0,0,0,0,0,0,0,0,0,0,0,0,0,0,0,0,0
MS1C2,1,twentyto50,C,2,C. gigas,2011-04-16,80,39,31,263.89,266.85,2.96,19.43,0.152,2016-11-05/ 17:03,2016-11-10/18:00,11-17-2016,2012-04-16,GC,0,0,0,0,0,0,0,0,0,0,0,0,0,0,0,0,0,0,0,0,0,0,0,0,0,0
MS1C2,1,fiftyto100,C,2,C. gigas,2011-04-16,80,39,31,263.89,266.85,2.96,19.43,0.152,2016-11-05/ 17:03,2016-11-10/18:00,11-17-2016,2012-04-16,GC,0,0,0,0,0,0,0,0,0,0,0,0,0,0,0,0,0,0,0,0,0,0,0,0,0,0
MS1C2,1,onehundredto500,C,2,C. gigas,2011-04-16,80,39,31,263.89,266.85,2.96,19.43,0.152,2016-11-05/ 17:03,2016-11-10/18:00,11-17-2016,2012-04-16,GC,0,0,0,0,0,0,0,0,0,0,0,0,0,0,0,0,0,0,0,0,0,0,0,0,0,0
MS1C2,1,fivehundredto1000,C,2,C. gigas,2011-04-16,80,39,31,263.89,266.85,2.96,19.43,0.152,2016-11-05/ 17:03,2016-11-10/18:00,11-17-2016,2012-04-16,GC,0,0,0,0,0,0,0,0,0,0,0,0,0,0,0,0,0,0,0,0,0,0,0,0,0,0
MS1C2,1,onethousandto5000,C,2,C. gigas,2011-04-16,80,39,31,263.89,266.85,2.96,19.43,0.152,2016-11-05/ 17:03,2016-11-10/18:00,11-17-2016,2012-04-16,GC,0,0,0,0,1,0,0,0,0,0,0,0,0,0,0,0,0,0,0,0,0,0,0,0,0,0
MS1C3,1,twentyto50,C,3,C. gigas,2011-04-16,109,45,20,258.29,260.41,2.12,18.46,0.115,2016-11-05/ 17:03,2016-11-10/18:00,11-17-2016,2012-05-16,GC,0,0,0,0,0,0,0,0,0,0,0,0,0,0,0,0,0,0,0,0,0,0,0,0,0,0
MS1C3,1,fiftyto100,C,3,C. gigas,2011-04-16,109,45,20,258.29,260.41,2.12,18.46,0.115,2016-11-05/ 17:03,2016-11-10/18:00,11-17-2016,2012-05-16,GC,0,0,0,0,0,0,0,0,0,0,0,0,0,0,0,0,0,0,0,0,0,0,0,0,0,0
MS1C3,1,onehundredto500,C,3,C. gigas,2011-04-16,109,45,20,258.29,260.41,2.12,18.46,0.115,2016-11-05/ 17:03,2016-11-10/18:00,11-17-2016,2012-05-16,GC,0,0,0,0,0,0,0,0,0,0,0,1,0,0,0,0,0,0,0,0,0,0,0,0,0,0
MS1C3,1,fivehundredto1000,C,3,C. gigas,2011-04-16,109,45,20,258.29,260.41,2.12,18.46,0.115,2016-11-05/ 17:03,2016-11-10/18:00,11-17-2016,2012-05-16,GC,0,0,0,0,1,0,0,0,0,0,0,0,0,0,0,0,0,0,0,0,0,0,0,0,0,0
MS1C3,1,onethousandto5000,C,3,C. gigas,2011-04-16,109,45,20,258.29,260.41,2.12,18.46,0.115,2016-11-05/ 17:03,2016-11-10/18:00,11-17-2016,2012-05-16,GC,0,0,0,1,0,0,0,0,0,0,0,0,0,0,0,0,0,0,0,0,0,0,0,0,0,0
MS1D1,1,twentyto50,D,1,C. gigas,2011-04-16,72,43,35,263.71,265.3,1.59,16.1,0.099,2016-11-05/ 17:03,2016-11-10/18:00,11-17-2016,2012-02-16,MD,0,0,0,0,0,0,0,0,0,0,0,0,0,0,0,0,0,0,0,0,0,0,0,0,0,0
MS1D1,1,fiftyto100,D,1,C. gigas,2011-04-16,72,43,35,263.71,265.3,1.59,16.1,0.099,2016-11-05/ 17:03,2016-11-10/18:00,11-17-2016,2012-02-16,MD,0,0,0,0,0,0,0,0,0,0,0,0,0,0,0,0,0,0,0,0,0,0,0,0,0,0
MS1D1,1,onehundredto500,D,1,C. gigas,2011-04-16,72,43,35,263.71,265.3,1.59,16.1,0.099,2016-11-05/ 17:03,2016-11-10/18:00,11-17-2016,2012-02-16,MD,0,0,0,0,1,0,0,0,0,0,0,0,0,0,0,0,0,0,0,0,0,0,0,0,0,0
MS1D1,1,fivehundredto1000,D,1,C. gigas,2011-04-16,72,43,35,263.71,265.3,1.59,16.1,0.099,2016-11-05/ 17:03,2016-11-10/18:00,11-17-2016,2012-02-16,MD,0,0,0,0,0,0,0,0,0,0,0,0,0,0,0,0,0,0,0,0,0,0,0,0,0,0
MS1D1,1,onethousandto5000,D,1,C. gigas,2011-04-16,72,43,35,263.71,265.3,1.59,16.1,0.099,2016-11-05/ 17:03,2016-11-10/18:00,11-17-2016,2012-02-16,MD,0,0,0,0,0,0,0,0,0,0,0,0,0,0,0,0,0,0,0,0,0,0,0,0,0,0
MS1D2,1,twentyto50,D,2,C. gigas,2011-04-16,83,52,29,256.74,259.64,2.9,22.01,0.132,2016-11-05/ 17:03,2016-11-10/18:00,11-17-2016,2012-04-16,MD,0,0,0,0,0,0,0,0,0,0,0,0,0,0,0,0,0,0,0,0,0,0,0,0,0,0
MS1D2,1,fiftyto100,D,2,C. gigas,2011-04-16,83,52,29,256.74,259.64,2.9,22.01,0.132,2016-11-05/ 17:03,2016-11-10/18:00,11-17-2016,2012-04-16,MD,0,0,0,0,0,0,0,0,0,0,0,0,0,0,0,0,0,0,0,0,0,0,0,0,0,0
MS1D2,1,onehundredto500,D,2,C. gigas,2011-04-16,83,52,29,256.74,259.64,2.9,22.01,0.132,2016-11-05/ 17:03,2016-11-10/18:00,11-17-2016,2012-04-16,MD,0,0,0,0,0,0,0,3,0,0,0,2,0,0,0,0,0,0,0,0,0,0,0,0,1,0
MS1D2,1,fivehundredto1000,D,2,C. gigas,2011-04-16,83,52,29,256.74,259.64,2.9,22.01,0.132,2016-11-05/ 17:03,2016-11-10/18:00,11-17-2016,2012-04-16,MD,0,0,0,0,0,0,0,0,0,0,0,0,0,0,0,0,0,0,0,0,0,0,0,0,0,0
MS1D2,1,onethousandto5000,D,2,C. gigas,2011-04-16,83,52,29,256.74,259.64,2.9,22.01,0.132,2016-11-05/ 17:03,2016-11-10/18:00,11-17-2016,2012-04-16,MD,0,0,0,0,0,0,0,0,0,0,0,0,0,0,0,0,0,0,0,0,0,0,0,0,0,0
MS1D3,1,fiftyto100,D,3,C. gigas,2011-04-16,56,52,25,258.37,260.11,1.74,19.07,0.091,2016-11-05/ 17:03,2016-11-10/18:00,11-17-2016,2012-03-16,GC,0,0,0,0,0,0,0,0,0,0,0,0,0,0,1,0,0,0,0,0,0,0,0,0,0,0
MS1D3,1,onehundredto500,D,3,C. gigas,2011-04-16,56,52,25,258.37,260.11,1.74,19.07,0.091,2016-11-05/ 17:03,2016-11-10/18:00,11-17-2016,2012-03-16,GC,0,0,0,0,0,0,0,0,0,0,0,0,0,0,0,0,0,0,0,0,0,0,0,0,0,0
MS1D3,1,fivehundredto1000,D,3,C. gigas,2011-04-16,56,52,25,258.37,260.11,1.74,19.07,0.091,2016-11-05/ 17:03,2016-11-10/18:00,11-17-2016,2012-03-16,GC,0,0,0,0,0,0,0,0,0,0,0,0,0,0,0,0,0,0,0,0,0,0,0,0,0,0
MS1D3,1,onethousandto5000,D,3,C. gigas,2011-04-16,56,52,25,258.37,260.11,1.74,19.07,0.091,2016-11-05/ 17:03,2016-11-10/18:00,11-17-2016,2012-03-16,GC,0,0,0,0,0,0,0,0,0,0,0,0,0,0,0,0,0,0,0,0,0,0,0,0,0,0
MS3A1,3,twentyto50,A,1,C. gigas,2011-06-16,90,38,29,260.01,262.14,2.13,19.33,0.11,2016-11-10/16:23,2016-2216/08:30,11-17-2016,2012-08-16,MD,0,0,0,0,0,0,0,0,0,0,0,0,0,0,0,0,0,0,0,0,0,0,0,0,0,0
MS3A1,3,fiftyto100,A,1,C. gigas,2011-06-16,90,38,29,260.01,262.14,2.13,19.33,0.11,2016-11-10/16:23,2016-2216/08:30,11-17-2016,2012-08-16,MD,0,0,0,0,0,0,0,0,0,0,0,0,0,0,0,0,0,0,0,0,0,0,0,0,0,0
MS3A1,3,onehundredto500,A,1,C. gigas,2011-06-16,90,38,29,260.01,262.14,2.13,19.33,0.11,2016-11-10/16:23,2016-2216/08:30,11-17-2016,2012-08-16,MD,0,0,0,0,0,0,0,0,0,0,0,1,0,0,0,0,0,0,0,0,0,0,0,0,0,0
MS3A1,3,fivehundredto1000,A,1,C. gigas,2011-06-16,90,38,29,260.01,262.14,2.13,19.33,0.11,2016-11-10/16:23,2016-2216/08:30,11-17-2016,2012-08-16,MD,0,0,0,0,0,0,0,0,0,0,0,0,0,0,0,0,0,0,0,0,0,0,0,0,0,0
MS3A1,3,onethousandto5000,A,1,C. gigas,2011-06-16,90,38,29,260.01,262.14,2.13,19.33,0.11,2016-11-10/16:23,2016-2216/08:30,11-17-2016,2012-08-16,MD,0,0,0,0,0,0,0,0,0,0,0,0,0,0,0,0,0,0,0,0,0,0,0,0,0,0
MS3A2,3,twentyto50,A,2,C. gigas,2011-06-16,73,44,27,261.01,262.98,1.97,14.31,0.138,2016-11-10/16:23,2016-2216/08:30,11-17-2016,2012-08-16,MD,0,0,0,0,0,0,0,0,0,0,0,0,0,0,0,0,0,0,0,0,0,0,0,0,0,0
MS3A2,3,fiftyto100,A,2,C. gigas,2011-06-16,73,44,27,261.01,262.98,1.97,14.31,0.138,2016-11-10/16:23,2016-2216/08:30,11-17-2016,2012-08-16,MD,0,0,0,0,0,0,0,0,0,0,0,0,0,0,0,0,0,0,0,0,0,0,0,0,0,0
MS3A2,3,onehundredto500,A,2,C. gigas,2011-06-16,73,44,27,261.01,262.98,1.97,14.31,0.138,2016-11-10/16:23,2016-2216/08:30,11-17-2016,2012-08-16,MD,0,0,0,0,0,0,0,0,0,0,0,0,0,0,0,0,0,0,0,0,0,0,0,0,0,0
MS3A2,3,fivehundredto1000,A,2,C. gigas,2011-06-16,73,44,27,261.01,262.98,1.97,14.31,0.138,2016-11-10/16:23,2016-2216/08:30,11-17-2016,2012-08-16,MD,0,0,0,0,0,0,0,0,0,0,0,0,0,0,0,0,0,0,0,0,0,0,0,0,0,0
MS3A2,3,onethousandto5000,A,2,C. gigas,2011-06-16,73,44,27,261.01,262.98,1.97,14.31,0.138,2016-11-10/16:23,2016-2216/08:30,11-17-2016,2012-08-16,MD,0,0,0,0,0,0,0,0,0,0,0,0,0,0,0,0,0,0,0,0,0,0,0,0,0,0
MS3A3,3,twentyto50,A,3,C. gigas,2011-06-16,80,50,24,261.64,264.08,2.44,22.81,0.107,2016-11-10/16:23,2016-2216/08:30,11-17-2016,2001-07-17,MD,0,0,0,0,0,0,0,0,0,0,0,0,0,0,0,0,0,0,0,0,0,0,0,0,0,0
MS3A3,3,fiftyto100,A,3,C. gigas,2011-06-16,80,50,24,261.64,264.08,2.44,22.81,0.107,2016-11-10/16:23,2016-2216/08:30,11-17-2016,2001-07-17,MD,0,0,0,0,0,0,0,0,0,0,0,0,0,0,0,0,0,0,0,0,0,0,0,0,0,0
MS3A3,3,onehundredto500,A,3,C. gigas,2011-06-16,80,50,24,261.64,264.08,2.44,22.81,0.107,2016-11-10/16:23,2016-2216/08:30,11-17-2016,2001-07-17,MD,0,0,0,0,0,0,0,0,0,0,0,0,0,0,0,0,0,0,0,0,0,0,0,0,0,0
MS3A3,3,fivehundredto1000,A,3,C. gigas,2011-06-16,80,50,24,261.64,264.08,2.44,22.81,0.107,2016-11-10/16:23,2016-2216/08:30,11-17-2016,2001-07-17,MD,0,0,0,0,0,0,0,0,0,0,0,0,0,0,0,0,0,0,0,0,0,0,0,0,0,0
MS3A3,3,onethousandto5000,A,3,C. gigas,2011-06-16,80,50,24,261.64,264.08,2.44,22.81,0.107,2016-11-10/16:23,2016-2216/08:30,11-17-2016,2001-07-17,MD,0,0,0,0,0,0,0,0,0,0,0,0,0,0,0,0,0,0,0,0,0,0,0,0,0,0
MS3B1,3,twentyto50,B,1,C. gigas,2011-06-16,75,50,26,260.4,261.65,1.25,19.52,0.064,2016-11-10/16:23,2016-2216/08:30,11-17-2016,2012-06-16,GC,0,0,0,0,0,0,0,0,0,0,0,0,0,0,0,0,0,0,0,0,0,0,0,0,0,0
MS3B1,3,fiftyto100,B,1,C. gigas,2011-06-16,75,50,26,260.4,261.65,1.25,19.52,0.064,2016-11-10/16:23,2016-2216/08:30,11-17-2016,2012-06-16,GC,0,0,0,0,0,0,0,0,0,0,0,0,0,0,0,0,0,0,0,0,0,0,0,0,0,0
MS3B1,3,onehundredto500,B,1,C. gigas,2011-06-16,75,50,26,260.4,261.65,1.25,19.52,0.064,2016-11-10/16:23,2016-2216/08:30,11-17-2016,2012-06-16,GC,0,0,0,0,0,0,0,0,0,0,0,0,0,0,0,0,0,0,0,0,0,0,0,0,0,0
MS3B1,3,fivehundredto1000,B,1,C. gigas,2011-06-16,75,50,26,260.4,261.65,1.25,19.52,0.064,2016-11-10/16:23,2016-2216/08:30,11-17-2016,2012-06-16,GC,0,0,0,0,0,0,0,0,0,0,0,0,0,0,0,0,0,0,0,0,0,0,0,0,0,0
MS3B1,3,onethousandto5000,B,1,C. gigas,2011-06-16,75,50,26,260.4,261.65,1.25,19.52,0.064,2016-11-10/16:23,2016-2216/08:30,11-17-2016,2012-06-16,GC,0,0,0,0,0,0,0,0,0,0,0,0,0,0,0,0,0,0,0,0,0,0,0,0,0,0
MS3C1,3,twentyto50,C,1,C. gigas,2011-06-16,82,45,25,260.16,262.81,2.65,24.9,0.106,2016-11-10/16:23,2016-2216/08:30,11-17-2016,2001-07-17,MD,0,0,0,0,0,0,0,0,0,0,0,0,0,0,0,0,0,0,0,0,0,0,0,0,0,0
MS3C1,3,fiftyto100,C,1,C. gigas,2011-06-16,82,45,25,260.16,262.81,2.65,24.9,0.106,2016-11-10/16:23,2016-2216/08:30,11-17-2016,2001-07-17,MD,0,0,0,0,0,0,0,0,0,0,0,0,0,0,0,0,0,0,0,0,0,0,0,0,0,0
MS3C1,3,onehundredto500,C,1,C. gigas,2011-06-16,82,45,25,260.16,262.81,2.65,24.9,0.106,2016-11-10/16:23,2016-2216/08:30,11-17-2016,2001-07-17,MD,0,0,0,0,0,0,0,0,0,0,0,0,0,0,0,0,0,0,0,0,0,0,0,0,0,0
MS3C1,3,fivehundredto1000,C,1,C. gigas,2011-06-16,82,45,25,260.16,262.81,2.65,24.9,0.106,2016-11-10/16:23,2016-2216/08:30,11-17-2016,2001-07-17,MD,0,0,0,0,0,0,0,1,0,0,0,0,0,0,0,0,0,0,0,0,0,0,0,0,0,0
MS3C1,3,onethousandto5000,C,1,C. gigas,2011-06-16,82,45,25,260.16,262.81,2.65,24.9,0.106,2016-11-10/16:23,2016-2216/08:30,11-17-2016,2001-07-17,MD,0,0,0,0,0,0,0,0,0,0,0,0,0,0,0,0,0,0,0,0,0,0,0,0,0,0
MS3C2,3,twentyto50,C,2,C. gigas,2011-06-16,89,55,28,261.54,264.44,2.9,24.64,0.118,2016-11-10/16:23,2016-2216/08:30,11-17-2016,2012-07-16,MD,0,0,0,0,0,0,0,0,0,0,0,0,0,0,0,0,0,0,0,0,0,0,0,0,0,0
MS3C2,3,fiftyto100,C,2,C. gigas,2011-06-16,89,55,28,261.54,264.44,2.9,24.64,0.118,2016-11-10/16:23,2016-2216/08:30,11-17-2016,2012-07-16,MD,0,0,0,0,0,0,0,0,0,0,0,0,0,0,0,0,0,0,0,0,0,0,0,0,0,0
MS3C2,3,onehundredto500,C,2,C. gigas,2011-06-16,89,55,28,261.54,264.44,2.9,24.64,0.118,2016-11-10/16:23,2016-2216/08:30,11-17-2016,2012-07-16,MD,0,0,0,0,0,0,0,1,0,0,0,1,0,0,0,0,0,0,0,0,0,0,0,0,0,0
MS3C2,3,fivehundredto1000,C,2,C. gigas,2011-06-16,89,55,28,261.54,264.44,2.9,24.64,0.118,2016-11-10/16:23,2016-2216/08:30,11-17-2016,2012-07-16,MD,0,0,0,0,0,0,0,0,0,0,0,0,0,0,0,0,0,0,0,0,0,0,0,0,0,0
MS3C2,3,onethousandto5000,C,2,C. gigas,2011-06-16,89,55,28,261.54,264.44,2.9,24.64,0.118,2016-11-10/16:23,2016-2216/08:30,11-17-2016,2012-07-16,MD,0,0,0,0,0,0,0,0,0,0,0,0,0,0,0,0,0,0,0,0,0,0,0,0,0,0
MS3C3,3,twentyto50,C,3,C. gigas,2011-06-16,80,60,31,262.19,266.57,4.38,34.07,0.129,2016-11-10/16:23,2016-2216/08:30,11-17-2016,2012-06-16,GC,0,0,0,0,0,0,0,0,0,0,0,0,0,0,0,0,1,0,0,0,0,0,0,0,0,0
MS3C3,3,fiftyto100,C,3,C. gigas,2011-06-16,80,60,31,262.19,266.57,4.38,34.07,0.129,2016-11-10/16:23,2016-2216/08:30,11-17-2016,2012-06-16,GC,0,0,0,0,0,0,0,0,0,0,0,0,0,0,0,0,0,0,0,0,0,0,0,0,1,0
MS3C3,3,onehundredto500,C,3,C. gigas,2011-06-16,80,60,31,262.19,266.57,4.38,34.07,0.129,2016-11-10/16:23,2016-2216/08:30,11-17-2016,2012-06-16,GC,0,0,0,0,0,0,0,0,0,0,1,0,0,0,0,0,0,0,0,0,0,0,0,0,1,0
MS3C3,3,fivehundredto1000,C,3,C. gigas,2011-06-16,80,60,31,262.19,266.57,4.38,34.07,0.129,2016-11-10/16:23,2016-2216/08:30,11-17-2016,2012-06-16,GC,0,0,0,0,0,0,0,0,0,0,0,0,0,0,0,0,0,0,0,0,0,0,0,0,0,0
MS3C3,3,onethousandto5000,C,3,C. gigas,2011-06-16,80,60,31,262.19,266.57,4.38,34.07,0.129,2016-11-10/16:23,2016-2216/08:30,11-17-2016,2012-06-16,GC,0,0,0,0,0,0,0,1,0,0,0,0,0,0,0,0,0,0,0,0,0,0,0,0,0,0
MS3D1,3,twentyto50,D,1,C. gigas,2011-06-16,74,45,33,260.74,263.09,2.35,18.49,0.127,2016-11-10/16:23,2016-2216/08:30,11-17-2016,2012-08-16,MD,0,0,0,0,0,0,0,0,0,0,0,0,0,0,0,0,0,0,0,0,0,0,0,0,0,0
MS3D1,3,fiftyto100,D,1,C. gigas,2011-06-16,74,45,33,260.74,263.09,2.35,18.49,0.127,2016-11-10/16:23,2016-2216/08:30,11-17-2016,2012-08-16,MD,0,0,0,0,0,0,0,0,0,0,0,0,0,0,0,0,0,0,0,0,0,0,0,0,0,0
MS3D1,3,onehundredto500,D,1,C. gigas,2011-06-16,74,45,33,260.74,263.09,2.35,18.49,0.127,2016-11-10/16:23,2016-2216/08:30,11-17-2016,2012-08-16,MD,0,0,0,0,0,0,0,0,0,0,0,1,0,0,0,0,0,0,0,0,0,0,0,0,0,0
MS3D1,3,fivehundredto1000,D,1,C. gigas,2011-06-16,74,45,33,260.74,263.09,2.35,18.49,0.127,2016-11-10/16:23,2016-2216/08:30,11-17-2016,2012-08-16,MD,0,0,0,0,0,0,0,0,0,0,0,0,0,0,0,0,0,0,0,0,0,0,0,0,0,0
MS3D1,3,onethousandto5000,D,1,C. gigas,2011-06-16,74,45,33,260.74,263.09,2.35,18.49,0.127,2016-11-10/16:23,2016-2216/08:30,11-17-2016,2012-08-16,MD,0,0,0,0,1,0,0,1,0,0,0,0,0,0,0,0,0,0,0,0,0,0,0,0,0,0
MS3D2,3,twentyto50,D,2,C. gigas,2011-06-16,80,55,45,261.21,264.05,2.84,28.45,0.1,2016-11-10/16:23,2016-2216/08:30,11-17-2016,2012-08-16,MD,0,0,0,0,0,0,0,0,0,0,0,0,0,0,0,0,0,0,0,0,0,0,0,0,0,0
MS3D2,3,fiftyto100,D,2,C. gigas,2011-06-16,80,55,45,261.21,264.05,2.84,28.45,0.1,2016-11-10/16:23,2016-2216/08:30,11-17-2016,2012-08-16,MD,0,0,0,0,0,0,0,0,0,0,0,0,0,0,0,0,0,0,0,0,0,0,0,0,0,0
MS3D2,3,onehundredto500,D,2,C. gigas,2011-06-16,80,55,45,261.21,264.05,2.84,28.45,0.1,2016-11-10/16:23,2016-2216/08:30,11-17-2016,2012-08-16,MD,0,0,0,0,0,0,0,0,0,0,0,1,0,0,0,0,0,0,0,0,0,0,0,0,0,0
MS3D2,3,fivehundredto1000,D,2,C. gigas,2011-06-16,80,55,45,261.21,264.05,2.84,28.45,0.1,2016-11-10/16:23,2016-2216/08:30,11-17-2016,2012-08-16,MD,0,0,0,0,0,0,0,0,0,0,0,1,0,0,0,0,0,0,0,0,0,0,0,0,0,0
MS3D2,3,onethousandto5000,D,2,C. gigas,2011-06-16,80,55,45,261.21,264.05,2.84,28.45,0.1,2016-11-10/16:23,2016-2216/08:30,11-17-2016,2012-08-16,MD,0,0,0,0,0,0,0,0,0,0,0,0,0,0,0,0,0,0,0,0,0,0,0,0,0,0
MS3D3,3,twentyto50,D,3,C. gigas,2011-06-16,70,40,19,261.71,263.25,1.54,14.99,0.103,2016-11-10/16:23,2016-2216/08:30,11-17-2016,2012-07-16,MD,0,0,0,0,0,0,0,0,0,0,0,0,0,0,0,0,0,0,0,0,0,0,0,0,0,0
MS3D3,3,fiftyto100,D,3,C. gigas,2011-06-16,70,40,19,261.71,263.25,1.54,14.99,0.103,2016-11-10/16:23,2016-2216/08:30,11-17-2016,2012-07-16,MD,0,0,0,0,0,0,0,0,0,0,0,0,0,0,0,0,0,0,0,0,0,0,0,0,0,0
MS3D3,3,onehundredto500,D,3,C. gigas,2011-06-16,70,40,19,261.71,263.25,1.54,14.99,0.103,2016-11-10/16:23,2016-2216/08:30,11-17-2016,2012-07-16,MD,0,0,0,0,0,0,0,0,0,0,0,0,0,0,0,0,0,0,0,0,0,0,0,0,0,0
MS3D3,3,fivehundredto1000,D,3,C. gigas,2011-06-16,70,40,19,261.71,263.25,1.54,14.99,0.103,2016-11-10/16:23,2016-2216/08:30,11-17-2016,2012-07-16,MD,0,0,0,0,0,0,0,0,0,0,0,0,0,0,0,0,0,0,0,0,0,0,0,0,0,0
MS3D3,3,onethousandto5000,D,3,C. gigas,2011-06-16,70,40,19,261.71,263.25,1.54,14.99,0.103,2016-11-10/16:23,2016-2216/08:30,11-17-2016,2012-07-16,MD,0,0,0,0,0,0,0,0,0,0,0,0,0,0,0,0,0,0,0,0,0,0,0,0,0,0
MS5A1,5,twentyto50,A,1,C. gigas,2011-08-16,75,47,26,260.03,261.22,1.19,17.42,0.068,2016-11-22/13:15,2016-11-29/08:30,2012-06-16,2001-09-17,MD,0,0,0,0,0,0,0,0,0,0,0,0,0,0,0,0,0,0,0,0,0,0,0,0,0,0
MS5A1,5,fiftyto100,A,1,C. gigas,2011-08-16,75,47,26,260.03,261.22,1.19,17.42,0.068,2016-11-22/13:15,2016-11-29/08:30,2012-06-16,2001-09-17,MD,0,0,0,0,0,0,0,0,0,0,0,0,0,0,0,0,0,0,0,0,0,0,0,0,0,0
MS5A1,5,onehundredto500,A,1,C. gigas,2011-08-16,75,47,26,260.03,261.22,1.19,17.42,0.068,2016-11-22/13:15,2016-11-29/08:30,2012-06-16,2001-09-17,MD,0,0,0,0,0,0,0,0,0,0,0,0,0,0,0,0,0,0,0,0,0,0,0,0,0,0
MS5A1,5,fivehundredto1000,A,1,C. gigas,2011-08-16,75,47,26,260.03,261.22,1.19,17.42,0.068,2016-11-22/13:15,2016-11-29/08:30,2012-06-16,2001-09-17,MD,0,0,0,0,0,0,0,0,0,0,0,0,0,0,0,0,0,0,0,0,0,0,0,0,0,0
MS5A1,5,onethousandto5000,A,1,C. gigas,2011-08-16,75,47,26,260.03,261.22,1.19,17.42,0.068,2016-11-22/13:15,2016-11-29/08:30,2012-06-16,2001-09-17,MD,0,0,0,0,0,0,0,0,0,0,0,0,0,0,0,0,0,0,0,0,0,0,0,0,0,0
MS5A2,5,twentyto50,A,2,C. gigas,2011-08-16,70,55,30,260.43,264.29,3.86,37.45,0.103,2016-11-22/13:15,2016-11-29/08:30,2012-06-16,2001-09-17,MD,0,0,0,0,0,0,0,0,0,0,0,0,0,0,0,0,0,0,0,0,0,0,0,0,0,0
MS5A2,5,fiftyto100,A,2,C. gigas,2011-08-16,70,55,30,260.43,264.29,3.86,37.45,0.103,2016-11-22/13:15,2016-11-29/08:30,2012-06-16,2001-09-17,MD,0,0,0,0,0,0,0,0,0,0,0,0,0,0,0,0,0,0,0,0,0,0,0,0,0,0
MS5A2,5,onehundredto500,A,2,C. gigas,2011-08-16,70,55,30,260.43,264.29,3.86,37.45,0.103,2016-11-22/13:15,2016-11-29/08:30,2012-06-16,2001-09-17,MD,0,0,0,0,0,0,0,0,0,0,0,0,0,0,0,0,0,0,0,0,0,0,0,0,0,0
MS5A2,5,fivehundredto1000,A,2,C. gigas,2011-08-16,70,55,30,260.43,264.29,3.86,37.45,0.103,2016-11-22/13:15,2016-11-29/08:30,2012-06-16,2001-09-17,MD,0,0,0,0,0,0,0,0,0,0,0,0,0,0,0,0,0,0,0,0,0,0,0,0,0,0
MS5A2,5,onethousandto5000,A,2,C. gigas,2011-08-16,70,55,30,260.43,264.29,3.86,37.45,0.103,2016-11-22/13:15,2016-11-29/08:30,2012-06-16,2001-09-17,MD,0,0,0,0,0,0,0,0,0,0,0,0,0,0,0,0,0,0,0,0,0,0,0,0,0,0
MS5A3,5,twentyto50,A,3,C. gigas,2011-08-16,75,0,32,259.74,262.05,2.31,26.49,0.087,2016-11-22/13:15,2016-11-29/08:30,2012-06-16,02-13-2017,MD,0,0,0,0,0,0,0,0,0,0,0,0,0,0,0,0,0,0,0,0,0,0,0,0,0,0
MS5A3,5,fiftyto100,A,3,C. gigas,2011-08-16,75,0,32,259.74,262.05,2.31,26.49,0.087,2016-11-22/13:15,2016-11-29/08:30,2012-06-16,02-13-2017,MD,0,0,0,0,0,0,0,0,0,0,0,0,0,0,0,0,0,0,0,0,0,0,0,0,0,0
MS5A3,5,onehundredto500,A,3,C. gigas,2011-08-16,75,0,32,259.74,262.05,2.31,26.49,0.087,2016-11-22/13:15,2016-11-29/08:30,2012-06-16,02-13-2017,MD,0,0,0,0,0,0,0,0,0,0,0,0,0,0,0,0,0,0,0,0,0,0,0,0,0,0
MS5A3,5,fivehundredto1000,A,3,C. gigas,2011-08-16,75,0,32,259.74,262.05,2.31,26.49,0.087,2016-11-22/13:15,2016-11-29/08:30,2012-06-16,02-13-2017,MD,0,0,0,0,0,0,0,0,0,0,0,0,0,0,0,0,0,0,0,0,0,0,0,0,0,0
MS5A3,5,onethousandto5000,A,3,C. gigas,2011-08-16,75,0,32,259.74,262.05,2.31,26.49,0.087,2016-11-22/13:15,2016-11-29/08:30,2012-06-16,02-13-2017,MD,0,0,0,0,0,0,0,0,0,0,0,0,0,0,0,0,0,0,0,0,0,0,0,0,0,0
MS5B1,5,twentyto50,B,1,C. gigas,2011-08-16,84,39,22,259.38,261.83,2.45,21.74,0.113,2016-11-22/13:15,2016-11-29/08:30,2012-06-16,2001-10-17,MD,0,0,0,0,0,0,0,0,0,0,0,0,0,0,0,0,0,0,0,0,0,0,0,0,0,0
MS5B1,5,fiftyto100,B,1,C. gigas,2011-08-16,84,39,22,259.38,261.83,2.45,21.74,0.113,2016-11-22/13:15,2016-11-29/08:30,2012-06-16,2001-10-17,MD,0,0,0,0,0,0,0,0,0,0,0,0,0,0,0,0,0,0,0,0,0,0,0,0,0,0
MS5B1,5,onehundredto500,B,1,C. gigas,2011-08-16,84,39,22,259.38,261.83,2.45,21.74,0.113,2016-11-22/13:15,2016-11-29/08:30,2012-06-16,2001-10-17,MD,0,0,0,0,0,0,0,0,0,0,0,0,0,0,0,0,0,0,0,0,0,0,0,0,0,0
MS5B1,5,fivehundredto1000,B,1,C. gigas,2011-08-16,84,39,22,259.38,261.83,2.45,21.74,0.113,2016-11-22/13:15,2016-11-29/08:30,2012-06-16,2001-10-17,MD,0,0,0,0,0,0,0,0,0,0,0,0,0,0,0,0,0,0,0,0,0,0,0,0,0,0
MS5B1,5,onethousandto5000,B,1,C. gigas,2011-08-16,84,39,22,259.38,261.83,2.45,21.74,0.113,2016-11-22/13:15,2016-11-29/08:30,2012-06-16,2001-10-17,MD,0,0,0,0,0,0,0,0,0,0,0,1,0,0,0,0,0,0,0,0,0,0,0,0,0,0
MS5C1,5,twentyto50,C,1,C. gigas,2011-08-16,73,47,25,259.04,260.84,1.8,21.66,0.083,2016-11-22/13:15,2016-11-29/08:30,2012-06-16,2001-10-17,MD,0,0,0,0,0,0,0,0,0,0,0,0,0,0,0,0,0,0,0,0,0,0,0,0,0,0
MS5C1,5,fiftyto100,C,1,C. gigas,2011-08-16,73,47,25,259.04,260.84,1.8,21.66,0.083,2016-11-22/13:15,2016-11-29/08:30,2012-06-16,2001-10-17,MD,0,0,0,0,0,0,0,0,0,0,0,0,0,0,0,0,0,0,0,0,0,0,0,0,0,0
MS5C1,5,onehundredto500,C,1,C. gigas,2011-08-16,73,47,25,259.04,260.84,1.8,21.66,0.083,2016-11-22/13:15,2016-11-29/08:30,2012-06-16,2001-10-17,MD,0,0,0,0,0,0,0,0,0,0,0,0,0,0,0,0,0,0,0,0,0,0,0,0,0,0
MS5C1,5,fivehundredto1000,C,1,C. gigas,2011-08-16,73,47,25,259.04,260.84,1.8,21.66,0.083,2016-11-22/13:15,2016-11-29/08:30,2012-06-16,2001-10-17,MD,0,0,0,0,0,0,0,0,0,0,0,0,0,0,0,0,0,0,0,0,0,0,0,0,0,0
MS5C1,5,onethousandto5000,C,1,C. gigas,2011-08-16,73,47,25,259.04,260.84,1.8,21.66,0.083,2016-11-22/13:15,2016-11-29/08:30,2012-06-16,2001-10-17,MD,0,0,0,0,1,0,0,1,0,0,0,0,0,0,0,0,0,0,0,0,0,0,0,0,0,0
MS5C2,5,twentyto50,C,2,C. gigas,2011-08-16,75,60,37,260.23,263.02,2.79,29.1,0.096,2016-11-22/13:15,2016-11-29/08:30,2012-06-16,01-16-2017,MD,0,0,0,0,0,0,0,0,0,0,0,0,0,0,0,0,0,0,0,0,0,0,0,0,0,0
MS5C2,5,fiftyto100,C,2,C. gigas,2011-08-16,75,60,37,260.23,263.02,2.79,29.1,0.096,2016-11-22/13:15,2016-11-29/08:30,2012-06-16,01-16-2017,MD,0,0,0,0,0,0,0,0,0,0,0,0,0,0,0,0,0,0,0,0,0,0,0,0,0,0
MS5C2,5,onehundredto500,C,2,C. gigas,2011-08-16,75,60,37,260.23,263.02,2.79,29.1,0.096,2016-11-22/13:15,2016-11-29/08:30,2012-06-16,01-16-2017,MD,0,0,0,0,0,0,0,0,0,0,0,0,0,0,0,0,0,0,0,0,0,0,0,0,0,0
MS5C2,5,fivehundredto1000,C,2,C. gigas,2011-08-16,75,60,37,260.23,263.02,2.79,29.1,0.096,2016-11-22/13:15,2016-11-29/08:30,2012-06-16,01-16-2017,MD,0,0,0,0,0,0,0,0,0,0,0,0,0,0,0,0,0,0,0,0,0,0,0,0,0,0
MS5C2,5,onethousandto5000,C,2,C. gigas,2011-08-16,75,60,37,260.23,263.02,2.79,29.1,0.096,2016-11-22/13:15,2016-11-29/08:30,2012-06-16,01-16-2017,MD,0,0,0,0,0,0,0,0,0,0,0,0,0,0,0,0,0,0,0,0,0,0,0,0,0,0
MS5C3,5,twentyto50,C,3,C. gigas,2011-08-16,76,55,31,260.2,263.35,3.15,20.84,0.151,2016-11-22/13:15,2016-11-29/08:30,2012-06-16,2001-09-17,MD,0,0,0,0,0,0,0,0,0,0,0,0,0,0,0,0,0,0,0,0,0,0,0,0,0,0
MS5C3,5,fiftyto100,C,3,C. gigas,2011-08-16,76,55,31,260.2,263.35,3.15,20.84,0.151,2016-11-22/13:15,2016-11-29/08:30,2012-06-16,2001-09-17,MD,0,0,0,0,0,0,0,0,0,0,0,0,0,0,0,0,0,0,0,0,0,0,0,0,0,0
MS5C3,5,onehundredto500,C,3,C. gigas,2011-08-16,76,55,31,260.2,263.35,3.15,20.84,0.151,2016-11-22/13:15,2016-11-29/08:30,2012-06-16,2001-09-17,MD,0,0,0,0,0,0,0,0,0,0,0,0,0,0,0,0,0,0,0,0,0,0,0,0,0,0
MS5C3,5,fivehundredto1000,C,3,C. gigas,2011-08-16,76,55,31,260.2,263.35,3.15,20.84,0.151,2016-11-22/13:15,2016-11-29/08:30,2012-06-16,2001-09-17,MD,1,0,0,0,0,0,0,0,0,0,0,0,0,0,0,0,0,0,0,0,0,0,0,0,0,0
MS5C3,5,onethousandto5000,C,3,C. gigas,2011-08-16,76,55,31,260.2,263.35,3.15,20.84,0.151,2016-11-22/13:15,2016-11-29/08:30,2012-06-16,2001-09-17,MD,0,0,0,0,0,0,0,0,0,0,0,0,0,0,0,0,0,0,0,0,0,0,0,0,0,0
MS5D1,5,twentyto50,D,1,C. gigas,2011-08-16,77,53,34,258.69,261.87,3.18,27.63,0.115,2016-11-22/13:15,2016-11-29/08:30,2012-06-16,01-16-2017,MD,0,0,0,0,0,0,0,0,0,0,0,0,0,0,0,0,0,0,0,0,0,0,0,0,0,0
MS5D1,5,fiftyto100,D,1,C. gigas,2011-08-16,77,53,34,258.69,261.87,3.18,27.63,0.115,2016-11-22/13:15,2016-11-29/08:30,2012-06-16,01-16-2017,MD,0,0,0,0,0,0,0,0,0,0,0,0,0,0,0,0,0,0,0,0,0,0,0,0,0,0
MS5D1,5,onehundredto500,D,1,C. gigas,2011-08-16,77,53,34,258.69,261.87,3.18,27.63,0.115,2016-11-22/13:15,2016-11-29/08:30,2012-06-16,01-16-2017,MD,0,0,0,0,0,0,0,0,0,0,0,0,0,0,0,0,0,0,0,0,0,0,0,0,0,0
MS5D1,5,fivehundredto1000,D,1,C. gigas,2011-08-16,77,53,34,258.69,261.87,3.18,27.63,0.115,2016-11-22/13:15,2016-11-29/08:30,2012-06-16,01-16-2017,MD,0,0,0,0,0,0,0,0,0,0,0,0,0,0,0,0,0,0,0,0,0,0,0,0,0,0
MS5D1,5,onethousandto5000,D,1,C. gigas,2011-08-16,77,53,34,258.69,261.87,3.18,27.63,0.115,2016-11-22/13:15,2016-11-29/08:30,2012-06-16,01-16-2017,MD,0,0,0,0,0,0,0,0,0,0,0,0,0,0,0,0,0,0,0,0,0,0,0,0,0,0
MS5D2,5,twentyto50,D,2,C. gigas,2011-08-16,87,51,31,258.77,262.83,4.06,27.75,0.146,2016-11-22/13:15,2016-11-29/08:30,2012-06-16,2001-09-17,MD,0,0,0,0,0,0,0,0,0,0,0,0,0,0,0,0,0,0,0,0,0,0,0,0,0,0
MS5D2,5,fiftyto100,D,2,C. gigas,2011-08-16,87,51,31,258.77,262.83,4.06,27.75,0.146,2016-11-22/13:15,2016-11-29/08:30,2012-06-16,2001-09-17,MD,0,0,0,0,0,0,0,0,0,0,0,0,0,0,0,0,0,0,0,0,0,0,0,0,0,0
MS5D2,5,onehundredto500,D,2,C. gigas,2011-08-16,87,51,31,258.77,262.83,4.06,27.75,0.146,2016-11-22/13:15,2016-11-29/08:30,2012-06-16,2001-09-17,MD,0,0,0,0,0,0,0,0,0,0,0,0,0,0,0,0,0,0,0,0,0,0,0,0,0,0
MS5D2,5,fivehundredto1000,D,2,C. gigas,2011-08-16,87,51,31,258.77,262.83,4.06,27.75,0.146,2016-11-22/13:15,2016-11-29/08:30,2012-06-16,2001-09-17,MD,0,0,0,0,0,0,0,0,0,0,0,0,0,0,0,0,0,0,0,0,0,0,0,0,0,0
MS5D2,5,onethousandto5000,D,2,C. gigas,2011-08-16,87,51,31,258.77,262.83,4.06,27.75,0.146,2016-11-22/13:15,2016-11-29/08:30,2012-06-16,2001-09-17,MD,0,0,0,0,0,0,0,0,0,0,0,0,0,0,0,0,0,0,0,0,0,0,0,0,0,0
MS5D3,5,twentyto50,D,3,C. gigas,2011-08-16,85,52,39,260.36,264.96,4.6,33.41,0.138,2016-11-22/13:15,2016-11-29/08:30,2012-06-16,2001-09-17,MD,0,0,0,0,0,0,0,0,0,0,0,0,0,0,0,0,0,0,0,0,0,0,0,0,0,0
MS5D3,5,fiftyto100,D,3,C. gigas,2011-08-16,85,52,39,260.36,264.96,4.6,33.41,0.138,2016-11-22/13:15,2016-11-29/08:30,2012-06-16,2001-09-17,MD,0,0,0,0,0,0,0,0,0,0,0,0,0,0,0,0,0,0,0,0,0,0,0,0,0,0
MS5D3,5,onehundredto500,D,3,C. gigas,2011-08-16,85,52,39,260.36,264.96,4.6,33.41,0.138,2016-11-22/13:15,2016-11-29/08:30,2012-06-16,2001-09-17,MD,0,0,0,0,0,0,0,0,0,0,0,0,0,0,0,0,0,0,0,0,0,0,0,0,0,0
MS5D3,5,fivehundredto1000,D,3,C. gigas,2011-08-16,85,52,39,260.36,264.96,4.6,33.41,0.138,2016-11-22/13:15,2016-11-29/08:30,2012-06-16,2001-09-17,MD,0,0,0,0,1,0,0,0,0,0,0,0,0,0,0,0,0,0,0,0,0,0,0,0,0,0
MS5D3,5,onethousandto5000,D,3,C. gigas,2011-08-16,85,52,39,260.36,264.96,4.6,33.41,0.138,2016-11-22/13:15,2016-11-29/08:30,2012-06-16,2001-09-17,MD,0,0,0,0,0,0,0,1,0,0,0,0,0,0,0,0,0,0,0,0,0,0,0,0,0,0
MS10A1,10,twentyto50,A,1,C. gigas,11-13-2016,87,47,29,259.4,262.14,2.74,29.98,0.091,2016-11-22/13:15,2016-11-29/08:30,2012-06-16,01-16-2017,MD,0,0,0,0,0,0,0,0,0,0,0,0,0,0,0,0,0,0,0,0,0,0,0,0,0,0
MS10A1,10,fiftyto100,A,1,C. gigas,11-13-2016,87,47,29,259.4,262.14,2.74,29.98,0.091,2016-11-22/13:15,2016-11-29/08:30,2012-06-16,01-16-2017,MD,0,0,0,0,0,0,0,0,0,0,0,0,0,0,0,0,0,0,0,0,0,0,0,0,0,0
MS10A1,10,onehundredto500,A,1,C. gigas,11-13-2016,87,47,29,259.4,262.14,2.74,29.98,0.091,2016-11-22/13:15,2016-11-29/08:30,2012-06-16,01-16-2017,MD,0,0,0,0,0,0,0,0,0,0,0,0,0,0,0,0,0,0,0,0,0,0,0,0,0,0
MS10A1,10,fivehundredto1000,A,1,C. gigas,11-13-2016,87,47,29,259.4,262.14,2.74,29.98,0.091,2016-11-22/13:15,2016-11-29/08:30,2012-06-16,01-16-2017,MD,0,0,0,0,0,0,0,0,0,0,0,0,0,0,0,0,0,0,0,0,0,0,0,0,0,0
MS10A1,10,onethousandto5000,A,1,C. gigas,11-13-2016,87,47,29,259.4,262.14,2.74,29.98,0.091,2016-11-22/13:15,2016-11-29/08:30,2012-06-16,01-16-2017,MD,0,0,0,0,0,0,0,0,0,0,0,0,0,0,0,0,0,0,0,0,0,0,0,0,0,0
MS10A2,10,twentyto50,A,2,C. gigas,11-13-2016,85,43,25,260.24,262.55,2.31,29.17,0.079,2016-11-22/13:15,2016-11-29/08:30,2012-06-16,01-16-2017,MD,0,0,0,0,0,0,0,0,0,0,0,0,0,0,0,0,0,0,0,0,0,0,0,0,0,0
MS10A2,10,fiftyto100,A,2,C. gigas,11-13-2016,85,43,25,260.24,262.55,2.31,29.17,0.079,2016-11-22/13:15,2016-11-29/08:30,2012-06-16,01-16-2017,MD,0,0,0,0,0,0,0,0,0,0,0,0,0,0,0,0,0,0,0,0,0,0,0,0,0,0
MS10A2,10,onehundredto500,A,2,C. gigas,11-13-2016,85,43,25,260.24,262.55,2.31,29.17,0.079,2016-11-22/13:15,2016-11-29/08:30,2012-06-16,01-16-2017,MD,0,0,0,0,0,0,0,1,0,0,0,0,0,0,0,0,0,0,0,0,0,0,0,0,0,0
MS10A2,10,fivehundredto1000,A,2,C. gigas,11-13-2016,85,43,25,260.24,262.55,2.31,29.17,0.079,2016-11-22/13:15,2016-11-29/08:30,2012-06-16,01-16-2017,MD,0,0,0,0,0,0,0,0,0,0,0,0,0,0,0,0,0,0,0,0,0,0,0,0,0,0
MS10A2,10,onethousandto5000,A,2,C. gigas,11-13-2016,85,43,25,260.24,262.55,2.31,29.17,0.079,2016-11-22/13:15,2016-11-29/08:30,2012-06-16,01-16-2017,MD,0,0,0,0,0,0,0,0,0,0,0,0,0,0,0,0,0,0,0,0,0,0,0,0,0,0
MS10A3,10,twentyto50,A,3,C. gigas,11-13-2016,91,54,39,264.67,268.61,3.94,36.33,0.108,2016-11-22/13:15,2016-11-29/08:30,2012-06-16,01-17-2017,MD,0,0,0,0,0,0,0,0,0,0,0,0,0,0,0,0,0,0,0,0,0,0,0,0,0,0
MS10A3,10,fiftyto100,A,3,C. gigas,11-13-2016,91,54,39,264.67,268.61,3.94,36.33,0.108,2016-11-22/13:15,2016-11-29/08:30,2012-06-16,01-17-2017,MD,0,0,0,0,0,0,0,0,0,0,0,0,0,0,0,0,0,0,0,0,0,0,0,0,0,0
MS10A3,10,onehundredto500,A,3,C. gigas,11-13-2016,91,54,39,264.67,268.61,3.94,36.33,0.108,2016-11-22/13:15,2016-11-29/08:30,2012-06-16,01-17-2017,MD,0,0,0,0,0,0,0,1,0,0,0,0,0,0,0,0,0,0,0,0,0,0,0,0,0,0
MS10A3,10,fivehundredto1000,A,3,C. gigas,11-13-2016,91,54,39,264.67,268.61,3.94,36.33,0.108,2016-11-22/13:15,2016-11-29/08:30,2012-06-16,01-17-2017,MD,0,0,0,0,0,0,0,0,0,0,0,0,0,0,0,0,0,0,0,0,0,0,0,0,0,0
MS10A3,10,onethousandto5000,A,3,C. gigas,11-13-2016,91,54,39,264.67,268.61,3.94,36.33,0.108,2016-11-22/13:15,2016-11-29/08:30,2012-06-16,01-17-2017,MD,0,0,0,0,0,0,0,0,0,0,0,0,0,0,0,0,0,0,0,0,0,0,0,0,0,0
MS10B1,10,twentyto50,B,1,C. gigas,11-13-2016,87,47,32,259.56,261.92,2.36,40.43,0.058,2016-11-22/13:15,2016-11-29/08:30,2012-06-16,01-17-2017,MD,0,0,0,0,0,0,0,0,0,0,0,0,0,0,0,0,0,0,0,0,0,0,0,0,0,0
MS10B1,10,fiftyto100,B,1,C. gigas,11-13-2016,87,47,32,259.56,261.92,2.36,40.43,0.058,2016-11-22/13:15,2016-11-29/08:30,2012-06-16,01-17-2017,MD,0,0,0,0,0,0,0,0,0,0,0,0,0,0,0,0,0,0,0,0,0,0,0,0,0,0
MS10B1,10,onehundredto500,B,1,C. gigas,11-13-2016,87,47,32,259.56,261.92,2.36,40.43,0.058,2016-11-22/13:15,2016-11-29/08:30,2012-06-16,01-17-2017,MD,0,0,0,0,0,0,0,0,0,0,0,0,0,0,0,0,0,0,0,0,0,0,0,0,0,0
MS10B1,10,fivehundredto1000,B,1,C. gigas,11-13-2016,87,47,32,259.56,261.92,2.36,40.43,0.058,2016-11-22/13:15,2016-11-29/08:30,2012-06-16,01-17-2017,MD,0,0,0,0,0,0,0,1,0,0,0,0,0,0,0,0,0,0,0,0,0,0,0,0,0,0
MS10B1,10,onethousandto5000,B,1,C. gigas,11-13-2016,87,47,32,259.56,261.92,2.36,40.43,0.058,2016-11-22/13:15,2016-11-29/08:30,2012-06-16,01-17-2017,MD,0,0,0,1,0,0,0,0,0,0,0,0,0,0,0,0,0,0,0,0,0,0,0,0,0,0
MS10C1,10,twentyto50,C,1,C. gigas,11-13-2016,92,49,36,260.22,263.92,3.7,32.27,0.115,2016-11-22/13:15,2016-11-29/08:30,2012-06-16,01-29-2017,MD,0,0,0,0,0,0,0,0,0,0,0,0,0,0,0,0,0,0,0,0,0,0,0,0,0,0
MS10C1,10,fiftyto100,C,1,C. gigas,11-13-2016,92,49,36,260.22,263.92,3.7,32.27,0.115,2016-11-22/13:15,2016-11-29/08:30,2012-06-16,01-29-2017,MD,0,0,0,0,0,0,0,0,0,0,0,0,0,0,0,0,0,0,0,0,0,0,0,0,0,0
MS10C1,10,onehundredto500,C,1,C. gigas,11-13-2016,92,49,36,260.22,263.92,3.7,32.27,0.115,2016-11-22/13:15,2016-11-29/08:30,2012-06-16,01-29-2017,MD,0,0,0,0,0,0,0,0,0,0,0,0,0,0,0,0,0,0,0,0,0,0,0,0,0,0
MS10C1,10,fivehundredto1000,C,1,C. gigas,11-13-2016,92,49,36,260.22,263.92,3.7,32.27,0.115,2016-11-22/13:15,2016-11-29/08:30,2012-06-16,01-29-2017,MD,0,0,0,0,0,0,0,2,0,0,0,0,0,0,0,0,0,0,0,0,0,0,0,0,0,0
MS10C1,10,onethousandto5000,C,1,C. gigas,11-13-2016,92,49,36,260.22,263.92,3.7,32.27,0.115,2016-11-22/13:15,2016-11-29/08:30,2012-06-16,01-29-2017,MD,0,0,0,0,0,0,0,0,0,0,0,0,0,0,0,0,0,0,0,0,0,0,0,0,0,0
MS10C2,10,twentyto50,C,2,C. gigas,11-13-2016,92,57,32,259.2,262.41,3.21,26.31,0.122,2016-11-22/13:15,2016-11-29/08:30,2012-06-16,2002-10-17,MD,0,0,0,0,0,0,0,0,0,0,0,0,0,0,0,0,0,0,0,0,0,0,0,0,0,0
MS10C2,10,fiftyto100,C,2,C. gigas,11-13-2016,92,57,32,259.2,262.41,3.21,26.31,0.122,2016-11-22/13:15,2016-11-29/08:30,2012-06-16,2002-10-17,MD,0,0,0,0,0,0,0,0,0,0,0,0,0,0,0,0,0,0,0,0,0,0,0,0,0,0
MS10C2,10,onehundredto500,C,2,C. gigas,11-13-2016,92,57,32,259.2,262.41,3.21,26.31,0.122,2016-11-22/13:15,2016-11-29/08:30,2012-06-16,2002-10-17,MD,0,0,0,0,0,0,0,0,0,0,0,0,0,0,0,0,0,0,0,0,0,0,0,0,0,0
MS10C2,10,fivehundredto1000,C,2,C. gigas,11-13-2016,92,57,32,259.2,262.41,3.21,26.31,0.122,2016-11-22/13:15,2016-11-29/08:30,2012-06-16,2002-10-17,MD,0,0,0,0,0,0,0,0,0,0,0,0,0,0,0,0,0,0,0,0,0,0,0,0,0,0
MS10C2,10,onethousandto5000,C,2,C. gigas,11-13-2016,92,57,32,259.2,262.41,3.21,26.31,0.122,2016-11-22/13:15,2016-11-29/08:30,2012-06-16,2002-10-17,MD,0,0,0,0,0,0,0,0,0,0,0,0,0,0,0,0,0,0,0,0,0,0,0,0,0,0
MS10C3,10,twentyto50,C,3,C. gigas,11-13-2016,100,50,27,259.69,263.44,3.75,26.76,0.14,2016-11-22/13:15,2016-11-29/08:30,2012-06-16,2002-10-17,MD,0,0,0,0,0,0,0,0,0,0,0,0,0,0,0,0,0,0,0,0,0,0,0,0,0,0
MS10C3,10,fiftyto100,C,3,C. gigas,11-13-2016,100,50,27,259.69,263.44,3.75,26.76,0.14,2016-11-22/13:15,2016-11-29/08:30,2012-06-16,2002-10-17,MD,0,0,0,0,0,0,0,0,0,0,0,0,0,0,0,0,0,0,0,0,0,0,0,0,0,0
MS10C3,10,onehundredto500,C,3,C. gigas,11-13-2016,100,50,27,259.69,263.44,3.75,26.76,0.14,2016-11-22/13:15,2016-11-29/08:30,2012-06-16,2002-10-17,MD,0,0,0,0,0,0,0,2,0,0,0,0,0,0,0,0,0,0,0,0,0,0,0,0,0,0
MS10C3,10,fivehundredto1000,C,3,C. gigas,11-13-2016,100,50,27,259.69,263.44,3.75,26.76,0.14,2016-11-22/13:15,2016-11-29/08:30,2012-06-16,2002-10-17,MD,0,0,0,0,0,0,0,0,0,0,0,0,0,0,0,0,0,0,0,0,0,0,0,0,0,0
MS10C3,10,onethousandto5000,C,3,C. gigas,11-13-2016,100,50,27,259.69,263.44,3.75,26.76,0.14,2016-11-22/13:15,2016-11-29/08:30,2012-06-16,2002-10-17,MD,0,0,0,0,0,0,0,0,0,0,0,0,0,0,0,0,0,0,0,0,0,0,0,0,0,0
MS10D1,10,twentyto50,D,1,C. gigas,11-13-2016,66,46,24,261.14,261.91,0.77,14.23,0.054,2016-11-22/13:15,2016-11-29/08:30,2012-06-16,01-23-2017,MD,0,0,0,0,0,0,0,0,0,0,0,0,0,0,0,0,0,0,0,0,0,0,0,0,0,0
MS10D1,10,fiftyto100,D,1,C. gigas,11-13-2016,66,46,24,261.14,261.91,0.77,14.23,0.054,2016-11-22/13:15,2016-11-29/08:30,2012-06-16,01-23-2017,MD,0,0,0,0,0,0,0,0,0,0,0,0,0,0,0,0,0,0,0,0,0,0,0,0,0,0
MS10D1,10,onehundredto500,D,1,C. gigas,11-13-2016,66,46,24,261.14,261.91,0.77,14.23,0.054,2016-11-22/13:15,2016-11-29/08:30,2012-06-16,01-23-2017,MD,0,0,0,0,0,0,0,0,0,0,0,0,0,0,0,0,0,0,0,0,0,0,0,0,0,0
MS10D1,10,fivehundredto1000,D,1,C. gigas,11-13-2016,66,46,24,261.14,261.91,0.77,14.23,0.054,2016-11-22/13:15,2016-11-29/08:30,2012-06-16,01-23-2017,MD,0,0,0,0,0,0,0,0,0,0,0,0,0,0,0,0,0,0,0,0,0,0,0,0,0,0
MS10D1,10,onethousandto5000,D,1,C. gigas,11-13-2016,66,46,24,261.14,261.91,0.77,14.23,0.054,2016-11-22/13:15,2016-11-29/08:30,2012-06-16,01-23-2017,MD,0,0,0,0,0,0,0,0,0,0,0,0,0,0,0,0,0,0,0,0,0,0,0,0,0,0
MS10D2,10,twentyto50,D,2,C. gigas,11-13-2016,90,46,32,260.56,262.44,1.88,25.49,0.074,2016-11-22/13:15,2016-11-29/08:30,2012-06-16,2002-10-17,MD,0,0,0,0,0,0,0,0,0,0,0,0,0,0,0,0,0,0,0,0,0,0,0,0,0,0
MS10D2,10,fiftyto100,D,2,C. gigas,11-13-2016,90,46,32,260.56,262.44,1.88,25.49,0.074,2016-11-22/13:15,2016-11-29/08:30,2012-06-16,2002-10-17,MD,0,0,0,0,0,0,0,0,0,0,0,0,0,0,0,0,0,0,0,0,0,0,0,0,0,0
MS10D2,10,onehundredto500,D,2,C. gigas,11-13-2016,90,46,32,260.56,262.44,1.88,25.49,0.074,2016-11-22/13:15,2016-11-29/08:30,2012-06-16,2002-10-17,MD,0,0,0,0,0,0,0,0,0,0,0,0,0,0,0,0,0,0,0,0,0,0,0,0,0,0
MS10D2,10,fivehundredto1000,D,2,C. gigas,11-13-2016,90,46,32,260.56,262.44,1.88,25.49,0.074,2016-11-22/13:15,2016-11-29/08:30,2012-06-16,2002-10-17,MD,0,0,0,0,0,0,0,0,0,0,0,0,0,0,0,0,0,0,0,0,0,0,0,0,0,0
MS10D2,10,onethousandto5000,D,2,C. gigas,11-13-2016,90,46,32,260.56,262.44,1.88,25.49,0.074,2016-11-22/13:15,2016-11-29/08:30,2012-06-16,2002-10-17,MD,0,0,0,0,0,0,0,0,0,0,0,0,0,0,0,0,0,0,0,0,0,0,0,0,0,0
MS10D3,10,twentyto50,D,3,C. gigas,11-13-2016,83,57,30,262.23,266.84,4.61,41.49,0.111,2016-11-22/13:15,2016-11-29/08:30,2012-06-16,2002-10-17,MD,0,0,0,0,0,0,0,0,0,0,0,0,0,0,0,0,0,0,0,0,0,0,0,0,0,0
MS10D3,10,fiftyto100,D,3,C. gigas,11-13-2016,83,57,30,262.23,266.84,4.61,41.49,0.111,2016-11-22/13:15,2016-11-29/08:30,2012-06-16,2002-10-17,MD,0,0,0,0,0,0,0,0,0,0,0,0,0,0,0,0,0,0,0,0,0,0,0,0,0,0
MS10D3,10,onehundredto500,D,3,C. gigas,11-13-2016,83,57,30,262.23,266.84,4.61,41.49,0.111,2016-11-22/13:15,2016-11-29/08:30,2012-06-16,2002-10-17,MD,0,0,0,0,0,0,0,0,0,0,0,0,0,0,0,0,0,0,0,0,0,0,0,0,0,0
MS10D3,10,fivehundredto1000,D,3,C. gigas,11-13-2016,83,57,30,262.23,266.84,4.61,41.49,0.111,2016-11-22/13:15,2016-11-29/08:30,2012-06-16,2002-10-17,MD,0,0,0,0,0,0,0,0,0,0,0,0,0,0,0,0,0,0,0,0,0,0,0,0,0,0
MS10D3,10,onethousandto5000,D,3,C. gigas,11-13-2016,83,57,30,262.23,266.84,4.61,41.49,0.111,2016-11-22/13:15,2016-11-29/08:30,2012-06-16,2002-10-17,MD,0,0,0,0,0,0,0,0,0,0,0,0,0,0,0,0,0,0,0,0,0,0,0,0,0,0
